sequence;type;annee;tour;departement;commune;numero_du_bureau;code_canton;code_circonscription;indicatif;nombre_dinscrits;nombre_dabstentions;nombre_de_votants;nombre_de_votants_dapres_les_feuilles_demargement;nombre_de_bulletins_blancs;nombre_de_bulletins_nuls;nombre_dexprimes;nombre_de_candidats;sigle_du_candidat1;nombre_de_voix_du_candidat1;sigle_du_candidat2;nombre_de_voix_du_candidat2;sigle_du_candidat3;nombre_de_voix_du_candidat3;sigle_du_candidat4;nombre_de_voix_du_candidat4;sigle_du_candidat5;nombre_de_voix_du_candidat5;sigle_du_candidat6;nombre_de_voix_du_candidat6;sigle_du_candidat7;nombre_de_voix_du_candidat7;sigle_du_candidat8;nombre_de_voix_du_candidat8;sigle_du_candidat9;nombre_de_voix_du_candidat9;sigle_du_candidat10;nombre_de_voix_du_candidat10;sigle_du_candidat11;nombre_de_voix_du_candidat11;sigle_du_candidat12;nombre_de_voix_du_candidat12
5;PR;2022;1;31;555;0004;17;04;I;865;174;691;691;2;1;688;12;ARTH;2;ROUS;10;MACR;183;LASS;16;LEPE;32;ZEMM;45;MELE;240;HIDA;21;JADO;86;PECR;45;POUT;5;DUPO;3
14;PR;2022;1;31;555;0013;17;01;I;1078;254;824;822;9;1;814;12;ARTH;0;ROUS;14;MACR;210;LASS;15;LEPE;66;ZEMM;60;MELE;342;HIDA;18;JADO;44;PECR;34;POUT;7;DUPO;4
15;PR;2022;1;31;555;0014;17;01;I;1103;284;819;819;6;3;810;12;ARTH;2;ROUS;13;MACR;204;LASS;13;LEPE;65;ZEMM;46;MELE;346;HIDA;15;JADO;72;PECR;19;POUT;6;DUPO;9
17;PR;2022;1;31;555;0016;17;01;I;1176;235;941;941;7;6;928;12;ARTH;1;ROUS;13;MACR;310;LASS;15;LEPE;55;ZEMM;75;MELE;303;HIDA;27;JADO;65;PECR;47;POUT;5;DUPO;12
26;PR;2022;1;31;555;0025;17;02;I;911;207;704;704;7;3;694;12;ARTH;2;ROUS;12;MACR;138;LASS;21;LEPE;64;ZEMM;33;MELE;321;HIDA;23;JADO;49;PECR;20;POUT;3;DUPO;8
30;PR;2022;1;31;555;0029;17;02;I;1091;268;823;823;16;7;800;12;ARTH;4;ROUS;16;MACR;178;LASS;21;LEPE;64;ZEMM;36;MELE;349;HIDA;23;JADO;73;PECR;16;POUT;6;DUPO;14
33;PR;2022;1;31;555;0032;18;04;I;902;180;722;722;13;2;707;12;ARTH;0;ROUS;8;MACR;266;LASS;17;LEPE;64;ZEMM;89;MELE;142;HIDA;12;JADO;38;PECR;60;POUT;4;DUPO;7
40;PR;2022;1;31;555;0039;18;03;I;78;19;59;59;0;0;59;12;ARTH;1;ROUS;1;MACR;19;LASS;2;LEPE;6;ZEMM;9;MELE;18;HIDA;0;JADO;1;PECR;2;POUT;0;DUPO;0
46;PR;2022;1;31;555;0045;18;04;I;685;126;559;559;3;1;555;12;ARTH;1;ROUS;6;MACR;179;LASS;15;LEPE;33;ZEMM;33;MELE;180;HIDA;19;JADO;45;PECR;32;POUT;7;DUPO;5
47;PR;2022;1;31;555;0046;18;02;I;442;191;251;251;6;1;244;12;ARTH;2;ROUS;5;MACR;48;LASS;10;LEPE;22;ZEMM;6;MELE;133;HIDA;6;JADO;3;PECR;5;POUT;2;DUPO;2
50;PR;2022;1;31;555;0049;18;03;I;1097;220;877;876;9;2;866;12;ARTH;1;ROUS;15;MACR;305;LASS;13;LEPE;47;ZEMM;77;MELE;244;HIDA;21;JADO;71;PECR;62;POUT;6;DUPO;4
60;PR;2022;1;31;555;0059;18;03;I;1002;161;841;838;11;5;825;12;ARTH;2;ROUS;15;MACR;246;LASS;22;LEPE;36;ZEMM;69;MELE;254;HIDA;26;JADO;87;PECR;52;POUT;6;DUPO;10
71;PR;2022;1;31;555;069A;19;09;I;864;187;677;676;4;6;667;12;ARTH;1;ROUS;15;MACR;171;LASS;19;LEPE;41;ZEMM;29;MELE;268;HIDA;27;JADO;77;PECR;13;POUT;5;DUPO;1
74;PR;2022;1;31;555;0072;19;09;I;393;171;222;222;3;1;218;12;ARTH;0;ROUS;5;MACR;29;LASS;3;LEPE;16;ZEMM;5;MELE;146;HIDA;4;JADO;5;PECR;5;POUT;0;DUPO;0
77;PR;2022;1;31;555;0075;19;09;I;919;252;667;667;7;5;655;12;ARTH;4;ROUS;9;MACR;176;LASS;21;LEPE;64;ZEMM;51;MELE;251;HIDA;11;JADO;38;PECR;16;POUT;8;DUPO;6
78;PR;2022;1;31;555;0076;19;09;I;1061;183;878;878;8;3;867;12;ARTH;3;ROUS;11;MACR;244;LASS;17;LEPE;42;ZEMM;45;MELE;346;HIDA;25;JADO;88;PECR;30;POUT;8;DUPO;8
79;PR;2022;1;31;555;0077;19;09;I;997;220;777;777;10;4;763;12;ARTH;2;ROUS;30;MACR;172;LASS;33;LEPE;71;ZEMM;33;MELE;307;HIDA;25;JADO;55;PECR;16;POUT;8;DUPO;11
86;PR;2022;1;31;555;0083;19;09;I;881;125;756;756;12;1;743;12;ARTH;1;ROUS;19;MACR;283;LASS;27;LEPE;53;ZEMM;45;MELE;189;HIDA;20;JADO;56;PECR;37;POUT;2;DUPO;11
91;PR;2022;1;31;555;0087;20;09;I;791;311;480;480;4;7;469;12;ARTH;1;ROUS;12;MACR;88;LASS;12;LEPE;76;ZEMM;17;MELE;234;HIDA;14;JADO;6;PECR;5;POUT;3;DUPO;1
98;PR;2022;1;31;555;0094;20;09;I;654;223;431;431;1;2;428;12;ARTH;2;ROUS;2;MACR;54;LASS;6;LEPE;39;ZEMM;12;MELE;291;HIDA;4;JADO;6;PECR;7;POUT;2;DUPO;3
102;PR;2022;1;31;555;0098;20;04;I;981;399;582;582;7;2;573;12;ARTH;2;ROUS;5;MACR;61;LASS;5;LEPE;22;ZEMM;8;MELE;447;HIDA;11;JADO;4;PECR;3;POUT;3;DUPO;2
106;PR;2022;1;31;555;0102;20;04;I;918;420;498;498;3;1;494;12;ARTH;1;ROUS;2;MACR;47;LASS;1;LEPE;19;ZEMM;3;MELE;406;HIDA;1;JADO;4;PECR;6;POUT;2;DUPO;2
108;PR;2022;1;31;555;0104;20;04;I;545;183;362;362;1;0;361;12;ARTH;2;ROUS;18;MACR;64;LASS;5;LEPE;50;ZEMM;23;MELE;170;HIDA;5;JADO;8;PECR;6;POUT;1;DUPO;9
113;PR;2022;1;31;555;0109;20;04;I;895;149;746;746;12;3;731;12;ARTH;6;ROUS;13;MACR;231;LASS;25;LEPE;84;ZEMM;42;MELE;211;HIDA;12;JADO;65;PECR;28;POUT;2;DUPO;12
125;PR;2022;1;31;555;0120;15;04;I;1031;213;818;818;15;6;797;12;ARTH;4;ROUS;13;MACR;177;LASS;31;LEPE;92;ZEMM;40;MELE;318;HIDA;32;JADO;59;PECR;20;POUT;9;DUPO;2
133;PR;2022;1;31;555;0128;15;09;I;569;101;468;468;4;0;464;12;ARTH;3;ROUS;13;MACR;108;LASS;12;LEPE;28;ZEMM;19;MELE;221;HIDA;17;JADO;21;PECR;13;POUT;6;DUPO;3
141;PR;2022;1;31;555;0136;15;04;I;1204;241;963;963;7;8;948;12;ARTH;3;ROUS;30;MACR;238;LASS;22;LEPE;94;ZEMM;59;MELE;358;HIDA;26;JADO;59;PECR;39;POUT;4;DUPO;16
143;PR;2022;1;31;555;0138;15;04;I;1081;212;869;868;6;7;856;12;ARTH;1;ROUS;9;MACR;261;LASS;28;LEPE;134;ZEMM;78;MELE;194;HIDA;21;JADO;64;PECR;43;POUT;2;DUPO;21
146;PR;2022;1;31;555;0141;15;04;I;856;161;695;695;4;3;688;12;ARTH;1;ROUS;22;MACR;175;LASS;15;LEPE;29;ZEMM;34;MELE;303;HIDA;16;JADO;75;PECR;13;POUT;2;DUPO;3
148;PR;2022;1;31;555;0143;15;04;I;899;173;726;726;10;1;715;12;ARTH;0;ROUS;12;MACR;158;LASS;14;LEPE;25;ZEMM;45;MELE;325;HIDA;28;JADO;72;PECR;18;POUT;12;DUPO;6
157;PR;2022;1;31;555;0152;16;04;I;666;137;529;529;7;1;521;12;ARTH;0;ROUS;20;MACR;154;LASS;13;LEPE;57;ZEMM;35;MELE;174;HIDA;11;JADO;27;PECR;20;POUT;4;DUPO;6
160;PR;2022;1;31;555;0155;16;01;I;981;165;816;816;8;1;807;12;ARTH;3;ROUS;17;MACR;218;LASS;18;LEPE;46;ZEMM;64;MELE;302;HIDA;25;JADO;79;PECR;20;POUT;9;DUPO;6
166;PR;2022;1;31;555;0161;16;01;I;731;145;586;586;8;1;577;12;ARTH;1;ROUS;16;MACR;175;LASS;24;LEPE;36;ZEMM;24;MELE;215;HIDA;15;JADO;51;PECR;15;POUT;0;DUPO;5
170;PR;2022;1;31;555;0165;16;01;I;1495;296;1199;1199;14;5;1180;12;ARTH;3;ROUS;21;MACR;329;LASS;23;LEPE;112;ZEMM;60;MELE;442;HIDA;32;JADO;107;PECR;32;POUT;4;DUPO;15
187;PR;2022;1;31;555;0182;22;01;I;1019;232;787;787;12;5;770;12;ARTH;2;ROUS;13;MACR;131;LASS;29;LEPE;80;ZEMM;51;MELE;341;HIDA;28;JADO;58;PECR;25;POUT;7;DUPO;5
190;PR;2022;1;31;555;0184;22;01;I;941;220;721;721;10;2;709;12;ARTH;4;ROUS;17;MACR;195;LASS;21;LEPE;117;ZEMM;36;MELE;215;HIDA;18;JADO;41;PECR;25;POUT;7;DUPO;13
197;PR;2022;1;31;555;0190;22;02;I;1531;374;1157;1157;21;1;1135;12;ARTH;4;ROUS;17;MACR;241;LASS;26;LEPE;133;ZEMM;56;MELE;550;HIDA;25;JADO;50;PECR;13;POUT;6;DUPO;14
211;PR;2022;1;31;555;0202;23;02;I;978;212;766;766;7;2;757;12;ARTH;3;ROUS;15;MACR;165;LASS;10;LEPE;28;ZEMM;26;MELE;402;HIDA;20;JADO;49;PECR;22;POUT;10;DUPO;7
214;PR;2022;1;31;555;0205;23;02;I;799;226;573;573;6;4;563;12;ARTH;3;ROUS;12;MACR;126;LASS;10;LEPE;45;ZEMM;19;MELE;261;HIDA;18;JADO;41;PECR;12;POUT;10;DUPO;6
217;PR;2022;1;31;555;0208;23;02;I;1061;265;796;796;13;8;775;12;ARTH;2;ROUS;20;MACR;144;LASS;33;LEPE;113;ZEMM;30;MELE;358;HIDA;10;JADO;37;PECR;13;POUT;7;DUPO;8
223;PR;2022;1;31;555;0214;23;02;I;1243;269;974;974;12;3;959;12;ARTH;5;ROUS;26;MACR;265;LASS;31;LEPE;85;ZEMM;65;MELE;359;HIDA;26;JADO;49;PECR;26;POUT;9;DUPO;13
246;PR;2022;1;31;555;0237;24;03;I;870;238;632;632;9;5;618;12;ARTH;2;ROUS;12;MACR;142;LASS;17;LEPE;88;ZEMM;46;MELE;222;HIDA;13;JADO;35;PECR;32;POUT;4;DUPO;5
3;PR;2022;1;31;555;0002;17;04;I;915;181;734;734;3;1;730;12;ARTH;0;ROUS;24;MACR;228;LASS;17;LEPE;34;ZEMM;59;MELE;260;HIDA;18;JADO;47;PECR;32;POUT;6;DUPO;5
9;PR;2022;1;31;555;0008;17;01;I;1093;238;855;855;9;2;844;12;ARTH;5;ROUS;12;MACR;204;LASS;14;LEPE;38;ZEMM;37;MELE;394;HIDA;30;JADO;72;PECR;25;POUT;6;DUPO;7
23;PR;2022;1;31;555;0022;17;02;I;929;233;696;698;9;4;683;12;ARTH;2;ROUS;27;MACR;142;LASS;20;LEPE;58;ZEMM;38;MELE;296;HIDA;25;JADO;36;PECR;20;POUT;9;DUPO;10
25;PR;2022;1;31;555;0024;17;02;I;1151;240;911;911;15;1;895;12;ARTH;4;ROUS;18;MACR;247;LASS;22;LEPE;57;ZEMM;57;MELE;329;HIDA;25;JADO;74;PECR;49;POUT;4;DUPO;9
27;PR;2022;1;31;555;0026;17;02;I;693;131;562;562;10;0;552;12;ARTH;2;ROUS;16;MACR;153;LASS;9;LEPE;50;ZEMM;33;MELE;201;HIDA;11;JADO;49;PECR;20;POUT;1;DUPO;7
32;PR;2022;1;31;555;0031;18;04;I;712;155;557;557;7;1;549;12;ARTH;1;ROUS;8;MACR;182;LASS;17;LEPE;43;ZEMM;80;MELE;131;HIDA;13;JADO;26;PECR;43;POUT;2;DUPO;3
35;PR;2022;1;31;555;0034;18;01;I;765;165;600;600;2;1;597;12;ARTH;0;ROUS;10;MACR;183;LASS;14;LEPE;31;ZEMM;47;MELE;217;HIDA;15;JADO;36;PECR;32;POUT;4;DUPO;8
36;PR;2022;1;31;555;0035;18;04;I;837;130;707;707;9;1;697;12;ARTH;1;ROUS;12;MACR;194;LASS;14;LEPE;32;ZEMM;43;MELE;278;HIDA;24;JADO;67;PECR;20;POUT;2;DUPO;10
43;PR;2022;1;31;555;0042;18;04;I;1060;195;865;865;8;2;855;12;ARTH;5;ROUS;18;MACR;216;LASS;26;LEPE;49;ZEMM;45;MELE;363;HIDA;18;JADO;82;PECR;22;POUT;5;DUPO;6
53;PR;2022;1;31;555;0052;18;03;I;1044;200;844;844;7;2;835;12;ARTH;4;ROUS;12;MACR;318;LASS;14;LEPE;47;ZEMM;81;MELE;213;HIDA;27;JADO;58;PECR;54;POUT;2;DUPO;5
54;PR;2022;1;31;555;0053;18;03;I;1046;195;851;851;7;5;839;12;ARTH;0;ROUS;11;MACR;293;LASS;15;LEPE;45;ZEMM;67;MELE;256;HIDA;8;JADO;88;PECR;43;POUT;8;DUPO;5
56;PR;2022;1;31;555;0055;18;03;I;1132;232;900;900;8;1;891;12;ARTH;2;ROUS;14;MACR;223;LASS;20;LEPE;49;ZEMM;48;MELE;382;HIDA;23;JADO;90;PECR;28;POUT;7;DUPO;5
65;PR;2022;1;31;555;0064;19;09;I;803;221;582;582;7;6;569;12;ARTH;3;ROUS;17;MACR;124;LASS;15;LEPE;64;ZEMM;26;MELE;239;HIDA;22;JADO;34;PECR;12;POUT;3;DUPO;10
66;PR;2022;1;31;555;0065;19;09;I;1001;204;797;797;9;4;784;12;ARTH;3;ROUS;32;MACR;196;LASS;25;LEPE;56;ZEMM;44;MELE;291;HIDA;25;JADO;75;PECR;27;POUT;4;DUPO;6
67;PR;2022;1;31;555;0066;19;09;I;1109;235;874;874;13;6;855;12;ARTH;3;ROUS;19;MACR;214;LASS;25;LEPE;65;ZEMM;36;MELE;368;HIDA;23;JADO;63;PECR;21;POUT;10;DUPO;8
76;PR;2022;1;31;555;0074;19;09;I;702;231;471;471;6;4;461;12;ARTH;6;ROUS;9;MACR;77;LASS;15;LEPE;37;ZEMM;20;MELE;235;HIDA;9;JADO;34;PECR;8;POUT;6;DUPO;5
83;PR;2022;1;31;555;0081;19;09;I;1116;302;814;814;10;3;801;12;ARTH;1;ROUS;8;MACR;168;LASS;21;LEPE;50;ZEMM;50;MELE;390;HIDA;10;JADO;69;PECR;19;POUT;6;DUPO;9
85;PR;2022;1;31;555;0082;19;09;I;935;156;779;779;12;4;763;12;ARTH;1;ROUS;18;MACR;223;LASS;22;LEPE;52;ZEMM;33;MELE;270;HIDA;26;JADO;77;PECR;32;POUT;4;DUPO;5
92;PR;2022;1;31;555;0088;20;09;I;707;166;541;541;9;3;529;12;ARTH;4;ROUS;20;MACR;132;LASS;17;LEPE;71;ZEMM;36;MELE;180;HIDA;12;JADO;33;PECR;17;POUT;1;DUPO;6
95;PR;2022;1;31;555;0091;20;09;I;793;294;499;499;8;2;489;12;ARTH;2;ROUS;8;MACR;82;LASS;16;LEPE;52;ZEMM;35;MELE;265;HIDA;5;JADO;3;PECR;10;POUT;5;DUPO;6
99;PR;2022;1;31;555;0095;20;09;I;838;321;517;517;2;2;513;12;ARTH;7;ROUS;6;MACR;72;LASS;12;LEPE;52;ZEMM;27;MELE;300;HIDA;10;JADO;6;PECR;11;POUT;6;DUPO;4
100;PR;2022;1;31;555;0096;20;09;I;753;164;589;589;3;1;585;12;ARTH;4;ROUS;9;MACR;147;LASS;22;LEPE;56;ZEMM;22;MELE;226;HIDA;14;JADO;44;PECR;29;POUT;7;DUPO;5
103;PR;2022;1;31;555;0099;20;04;I;1282;489;793;793;9;3;781;12;ARTH;4;ROUS;19;MACR;152;LASS;18;LEPE;71;ZEMM;26;MELE;425;HIDA;15;JADO;20;PECR;16;POUT;4;DUPO;11
104;PR;2022;1;31;555;0100;20;04;I;718;241;477;477;13;3;461;12;ARTH;4;ROUS;18;MACR;78;LASS;15;LEPE;33;ZEMM;15;MELE;266;HIDA;9;JADO;10;PECR;8;POUT;1;DUPO;4
105;PR;2022;1;31;555;0101;20;04;I;669;298;371;371;6;1;364;12;ARTH;4;ROUS;4;MACR;33;LASS;1;LEPE;31;ZEMM;5;MELE;275;HIDA;4;JADO;2;PECR;0;POUT;1;DUPO;4
110;PR;2022;1;31;555;0106;20;04;I;749;210;539;539;3;4;532;12;ARTH;3;ROUS;11;MACR;102;LASS;8;LEPE;76;ZEMM;19;MELE;274;HIDA;7;JADO;17;PECR;8;POUT;1;DUPO;6
120;PR;2022;1;31;555;0115;15;04;I;1153;207;946;946;8;5;933;12;ARTH;8;ROUS;31;MACR;249;LASS;21;LEPE;55;ZEMM;37;MELE;390;HIDA;30;JADO;72;PECR;19;POUT;13;DUPO;8
123;PR;2022;1;31;555;0118;15;04;I;1054;194;860;859;15;3;842;12;ARTH;1;ROUS;27;MACR;188;LASS;13;LEPE;76;ZEMM;36;MELE;328;HIDA;29;JADO;92;PECR;33;POUT;6;DUPO;13
128;PR;2022;1;31;555;0123;15;04;I;1104;237;867;866;8;3;856;12;ARTH;2;ROUS;20;MACR;200;LASS;25;LEPE;90;ZEMM;36;MELE;346;HIDA;27;JADO;60;PECR;29;POUT;11;DUPO;10
129;PR;2022;1;31;555;0124;15;04;I;1070;278;792;792;13;2;777;12;ARTH;7;ROUS;15;MACR;137;LASS;26;LEPE;82;ZEMM;29;MELE;390;HIDA;18;JADO;48;PECR;14;POUT;6;DUPO;5
135;PR;2022;1;31;555;0130;15;04;I;1920;416;1504;1504;19;6;1479;12;ARTH;9;ROUS;31;MACR;339;LASS;38;LEPE;157;ZEMM;86;MELE;595;HIDA;42;JADO;112;PECR;42;POUT;11;DUPO;17
147;PR;2022;1;31;555;0142;15;04;I;978;165;813;813;7;2;804;12;ARTH;2;ROUS;13;MACR;228;LASS;15;LEPE;53;ZEMM;48;MELE;279;HIDA;21;JADO;84;PECR;50;POUT;6;DUPO;5
149;PR;2022;1;31;555;0144;21;01;I;902;173;729;729;10;3;716;12;ARTH;2;ROUS;16;MACR;213;LASS;29;LEPE;99;ZEMM;52;MELE;205;HIDA;12;JADO;42;PECR;21;POUT;10;DUPO;15
162;PR;2022;1;31;555;0157;16;01;I;1110;212;898;898;18;4;876;12;ARTH;4;ROUS;17;MACR;228;LASS;20;LEPE;75;ZEMM;44;MELE;337;HIDA;25;JADO;68;PECR;43;POUT;9;DUPO;6
169;PR;2022;1;31;555;0164;16;02;I;589;161;428;428;4;6;418;12;ARTH;3;ROUS;17;MACR;87;LASS;13;LEPE;43;ZEMM;13;MELE;172;HIDA;9;JADO;40;PECR;13;POUT;6;DUPO;2
176;PR;2022;1;31;555;0171;16;01;I;1053;227;826;826;10;2;814;12;ARTH;3;ROUS;21;MACR;240;LASS;24;LEPE;91;ZEMM;49;MELE;242;HIDA;25;JADO;75;PECR;30;POUT;3;DUPO;11
178;PR;2022;1;31;555;0173;16;01;I;963;176;787;787;3;2;782;12;ARTH;2;ROUS;21;MACR;238;LASS;16;LEPE;73;ZEMM;41;MELE;264;HIDA;22;JADO;73;PECR;23;POUT;7;DUPO;2
181;PR;2022;1;31;555;0176;16;01;I;919;222;697;698;7;7;683;12;ARTH;2;ROUS;30;MACR;159;LASS;32;LEPE;91;ZEMM;30;MELE;248;HIDA;17;JADO;44;PECR;13;POUT;9;DUPO;8
182;PR;2022;1;31;555;0177;16;01;I;1056;243;813;812;12;7;794;12;ARTH;6;ROUS;31;MACR;177;LASS;29;LEPE;108;ZEMM;45;MELE;275;HIDA;22;JADO;62;PECR;17;POUT;7;DUPO;15
185;PR;2022;1;31;555;0180;22;01;I;962;212;750;750;9;3;738;12;ARTH;2;ROUS;8;MACR;219;LASS;15;LEPE;75;ZEMM;41;MELE;285;HIDA;15;JADO;53;PECR;16;POUT;5;DUPO;4
186;PR;2022;1;31;555;0181;22;01;I;912;180;732;732;8;4;720;12;ARTH;1;ROUS;17;MACR;167;LASS;28;LEPE;79;ZEMM;38;MELE;301;HIDA;18;JADO;46;PECR;14;POUT;4;DUPO;7
188;PR;2022;1;31;555;182A;22;01;I;1128;267;861;861;10;4;847;12;ARTH;3;ROUS;19;MACR;191;LASS;31;LEPE;109;ZEMM;42;MELE;337;HIDA;18;JADO;64;PECR;17;POUT;8;DUPO;8
191;PR;2022;1;31;555;0185;22;01;I;1385;328;1057;1057;19;3;1035;12;ARTH;6;ROUS;18;MACR;267;LASS;31;LEPE;189;ZEMM;68;MELE;320;HIDA;25;JADO;67;PECR;29;POUT;1;DUPO;14
201;PR;2022;1;31;555;0193;22;02;I;1248;332;916;915;8;4;904;12;ARTH;4;ROUS;12;MACR;203;LASS;26;LEPE;142;ZEMM;73;MELE;334;HIDA;31;JADO;41;PECR;15;POUT;8;DUPO;15
207;PR;2022;1;31;555;198A;22;02;I;1171;330;841;841;12;3;826;12;ARTH;2;ROUS;16;MACR;221;LASS;31;LEPE;127;ZEMM;53;MELE;258;HIDA;24;JADO;47;PECR;32;POUT;4;DUPO;11
208;PR;2022;1;31;555;0199;22;02;I;1254;260;994;994;11;1;982;12;ARTH;3;ROUS;21;MACR;214;LASS;26;LEPE;115;ZEMM;42;MELE;405;HIDA;24;JADO;74;PECR;27;POUT;9;DUPO;22
221;PR;2022;1;31;555;0212;23;02;I;1227;277;950;950;13;4;933;12;ARTH;4;ROUS;21;MACR;246;LASS;28;LEPE;109;ZEMM;53;MELE;313;HIDA;24;JADO;76;PECR;42;POUT;4;DUPO;13
222;PR;2022;1;31;555;0213;23;02;I;1073;244;829;829;12;3;814;12;ARTH;0;ROUS;22;MACR;243;LASS;16;LEPE;85;ZEMM;48;MELE;273;HIDA;29;JADO;52;PECR;32;POUT;3;DUPO;11
224;PR;2022;1;31;555;0215;23;02;I;784;227;557;557;5;4;548;12;ARTH;4;ROUS;16;MACR;114;LASS;12;LEPE;89;ZEMM;31;MELE;194;HIDA;14;JADO;38;PECR;15;POUT;6;DUPO;15
227;PR;2022;1;31;555;0218;23;02;I;762;187;575;575;5;7;563;12;ARTH;4;ROUS;23;MACR;122;LASS;23;LEPE;69;ZEMM;41;MELE;200;HIDA;15;JADO;35;PECR;20;POUT;7;DUPO;4
234;PR;2022;1;31;555;0225;24;03;I;1034;199;835;835;14;2;819;12;ARTH;3;ROUS;18;MACR;286;LASS;14;LEPE;68;ZEMM;84;MELE;188;HIDA;13;JADO;68;PECR;67;POUT;5;DUPO;5
242;PR;2022;1;31;555;0233;24;03;I;968;181;787;786;3;3;781;12;ARTH;2;ROUS;7;MACR;290;LASS;19;LEPE;61;ZEMM;74;MELE;181;HIDA;17;JADO;65;PECR;54;POUT;2;DUPO;9
250;PR;2022;1;31;555;0241;25;03;I;1038;261;777;777;16;3;758;12;ARTH;3;ROUS;15;MACR;241;LASS;21;LEPE;93;ZEMM;57;MELE;212;HIDA;25;JADO;43;PECR;32;POUT;9;DUPO;7
260;PR;2022;1;31;555;0251;25;03;I;897;174;723;723;8;2;713;12;ARTH;3;ROUS;16;MACR;221;LASS;23;LEPE;64;ZEMM;67;MELE;193;HIDA;14;JADO;58;PECR;44;POUT;5;DUPO;5
262;PR;2022;1;31;555;0253;25;03;I;1052;187;865;865;5;2;858;12;ARTH;2;ROUS;11;MACR;327;LASS;25;LEPE;84;ZEMM;65;MELE;191;HIDA;19;JADO;59;PECR;59;POUT;2;DUPO;14
264;PR;2022;1;31;555;0255;25;09;I;966;247;719;719;8;3;708;12;ARTH;3;ROUS;15;MACR;144;LASS;12;LEPE;87;ZEMM;26;MELE;312;HIDA;12;JADO;48;PECR;27;POUT;9;DUPO;13
4;PR;2022;1;31;555;0003;17;04;I;773;167;606;606;3;1;602;12;ARTH;2;ROUS;16;MACR;166;LASS;17;LEPE;25;ZEMM;53;MELE;218;HIDA;13;JADO;56;PECR;23;POUT;9;DUPO;4
6;PR;2022;1;31;555;0005;17;01;I;844;158;686;686;4;3;679;12;ARTH;1;ROUS;9;MACR;192;LASS;15;LEPE;35;ZEMM;47;MELE;269;HIDA;20;JADO;55;PECR;22;POUT;6;DUPO;8
7;PR;2022;1;31;555;0006;17;01;I;883;163;720;720;12;5;703;12;ARTH;3;ROUS;14;MACR;193;LASS;15;LEPE;36;ZEMM;33;MELE;270;HIDA;22;JADO;81;PECR;20;POUT;9;DUPO;7
13;PR;2022;1;31;555;0012;17;01;I;981;159;822;822;7;3;812;12;ARTH;3;ROUS;14;MACR;248;LASS;12;LEPE;38;ZEMM;52;MELE;304;HIDA;27;JADO;68;PECR;35;POUT;7;DUPO;4
16;PR;2022;1;31;555;0015;17;01;I;917;203;714;714;11;3;700;12;ARTH;0;ROUS;9;MACR;183;LASS;8;LEPE;56;ZEMM;55;MELE;252;HIDA;18;JADO;68;PECR;41;POUT;2;DUPO;8
20;PR;2022;1;31;555;0019;17;01;I;803;135;668;668;8;1;659;12;ARTH;3;ROUS;15;MACR;180;LASS;12;LEPE;24;ZEMM;34;MELE;268;HIDA;16;JADO;73;PECR;23;POUT;4;DUPO;7
21;PR;2022;1;31;555;0020;17;02;I;1050;214;836;836;6;5;825;12;ARTH;2;ROUS;23;MACR;167;LASS;14;LEPE;76;ZEMM;52;MELE;338;HIDA;27;JADO;72;PECR;32;POUT;13;DUPO;9
28;PR;2022;1;31;555;0027;17;02;I;1161;206;955;955;9;3;943;12;ARTH;8;ROUS;23;MACR;219;LASS;24;LEPE;47;ZEMM;46;MELE;410;HIDA;30;JADO;78;PECR;34;POUT;14;DUPO;10
29;PR;2022;1;31;555;0028;17;02;I;993;238;755;755;12;0;743;12;ARTH;4;ROUS;23;MACR;170;LASS;22;LEPE;67;ZEMM;49;MELE;287;HIDA;16;JADO;61;PECR;23;POUT;9;DUPO;12
31;PR;2022;1;31;555;0030;17;02;I;975;238;737;737;9;2;726;12;ARTH;4;ROUS;15;MACR;170;LASS;21;LEPE;71;ZEMM;32;MELE;305;HIDA;18;JADO;64;PECR;15;POUT;6;DUPO;5
38;PR;2022;1;31;555;0037;18;04;I;800;152;648;648;4;2;642;12;ARTH;0;ROUS;16;MACR;183;LASS;12;LEPE;43;ZEMM;67;MELE;213;HIDA;14;JADO;58;PECR;26;POUT;8;DUPO;2
42;PR;2022;1;31;555;0041;18;04;I;784;177;607;607;10;3;594;12;ARTH;0;ROUS;12;MACR;164;LASS;19;LEPE;79;ZEMM;50;MELE;170;HIDA;10;JADO;42;PECR;29;POUT;3;DUPO;16
51;PR;2022;1;31;555;0050;18;03;I;1012;156;856;856;6;0;850;12;ARTH;1;ROUS;12;MACR;287;LASS;16;LEPE;37;ZEMM;86;MELE;217;HIDA;27;JADO;83;PECR;68;POUT;4;DUPO;12
57;PR;2022;1;31;555;0056;18;03;I;1149;223;926;926;13;3;910;12;ARTH;5;ROUS;16;MACR;208;LASS;21;LEPE;58;ZEMM;48;MELE;404;HIDA;36;JADO;84;PECR;20;POUT;2;DUPO;8
58;PR;2022;1;31;555;0057;18;03;I;1250;247;1003;1003;11;2;990;12;ARTH;6;ROUS;21;MACR;230;LASS;23;LEPE;60;ZEMM;47;MELE;413;HIDA;38;JADO;94;PECR;42;POUT;6;DUPO;10
63;PR;2022;1;31;555;0062;18;03;I;920;165;755;755;11;0;744;12;ARTH;1;ROUS;5;MACR;271;LASS;9;LEPE;42;ZEMM;110;MELE;166;HIDA;12;JADO;48;PECR;72;POUT;4;DUPO;4
64;PR;2022;1;31;555;0063;18;03;I;750;123;627;627;3;2;622;12;ARTH;0;ROUS;13;MACR;238;LASS;10;LEPE;41;ZEMM;101;MELE;94;HIDA;7;JADO;33;PECR;77;POUT;2;DUPO;6
68;PR;2022;1;31;555;0067;19;09;I;1253;233;1020;1020;17;2;1001;12;ARTH;2;ROUS;20;MACR;188;LASS;18;LEPE;87;ZEMM;37;MELE;467;HIDA;34;JADO;95;PECR;33;POUT;7;DUPO;13
70;PR;2022;1;31;555;0069;19;09;I;906;183;723;723;10;3;710;12;ARTH;1;ROUS;18;MACR;166;LASS;14;LEPE;60;ZEMM;33;MELE;289;HIDA;23;JADO;77;PECR;20;POUT;4;DUPO;5
81;PR;2022;1;31;555;0079;19;09;I;1040;183;857;857;7;7;843;12;ARTH;6;ROUS;23;MACR;190;LASS;28;LEPE;80;ZEMM;59;MELE;311;HIDA;31;JADO;66;PECR;37;POUT;5;DUPO;7
88;PR;2022;1;31;555;0084;20;09;I;1180;208;972;971;11;2;959;12;ARTH;1;ROUS;25;MACR;229;LASS;26;LEPE;81;ZEMM;50;MELE;391;HIDA;34;JADO;82;PECR;21;POUT;13;DUPO;6
93;PR;2022;1;31;555;0089;20;09;I;937;337;600;601;9;2;589;12;ARTH;4;ROUS;12;MACR;110;LASS;20;LEPE;57;ZEMM;20;MELE;323;HIDA;6;JADO;18;PECR;10;POUT;1;DUPO;8
94;PR;2022;1;31;555;0090;20;09;I;784;138;646;646;3;4;639;12;ARTH;2;ROUS;10;MACR;241;LASS;17;LEPE;68;ZEMM;56;MELE;147;HIDA;17;JADO;30;PECR;46;POUT;1;DUPO;4
97;PR;2022;1;31;555;0093;20;09;I;1058;281;777;777;5;4;768;12;ARTH;4;ROUS;13;MACR;155;LASS;27;LEPE;109;ZEMM;56;MELE;326;HIDA;13;JADO;30;PECR;17;POUT;4;DUPO;14
101;PR;2022;1;31;555;0097;20;04;I;1094;435;659;659;6;4;649;12;ARTH;0;ROUS;10;MACR;91;LASS;15;LEPE;48;ZEMM;12;MELE;437;HIDA;4;JADO;14;PECR;7;POUT;7;DUPO;4
109;PR;2022;1;31;555;0105;20;04;I;537;198;339;339;3;1;335;12;ARTH;1;ROUS;9;MACR;71;LASS;5;LEPE;41;ZEMM;8;MELE;182;HIDA;1;JADO;8;PECR;3;POUT;2;DUPO;4
111;PR;2022;1;31;555;0107;20;04;I;1091;291;800;801;10;4;786;12;ARTH;3;ROUS;14;MACR;179;LASS;26;LEPE;100;ZEMM;69;MELE;273;HIDA;18;JADO;52;PECR;29;POUT;7;DUPO;16
116;PR;2022;1;31;555;0112;20;04;I;1257;203;1054;1054;20;7;1027;12;ARTH;2;ROUS;17;MACR;321;LASS;37;LEPE;120;ZEMM;64;MELE;281;HIDA;31;JADO;91;PECR;45;POUT;3;DUPO;15
121;PR;2022;1;31;555;0116;15;04;I;914;154;760;760;5;3;752;12;ARTH;1;ROUS;17;MACR;174;LASS;19;LEPE;49;ZEMM;38;MELE;319;HIDA;24;JADO;72;PECR;26;POUT;6;DUPO;7
132;PR;2022;1;31;555;0127;15;04;I;892;217;675;675;7;3;665;12;ARTH;6;ROUS;18;MACR;116;LASS;8;LEPE;77;ZEMM;28;MELE;319;HIDA;19;JADO;46;PECR;8;POUT;6;DUPO;14
134;PR;2022;1;31;555;0129;15;04;I;1182;223;959;959;6;2;951;12;ARTH;2;ROUS;28;MACR;202;LASS;22;LEPE;101;ZEMM;46;MELE;399;HIDA;36;JADO;77;PECR;25;POUT;7;DUPO;6
138;PR;2022;1;31;555;0133;15;09;I;857;298;559;559;7;3;549;12;ARTH;1;ROUS;13;MACR;75;LASS;11;LEPE;49;ZEMM;14;MELE;355;HIDA;13;JADO;8;PECR;4;POUT;2;DUPO;4
144;PR;2022;1;31;555;0139;15;04;I;1082;242;840;840;8;6;826;12;ARTH;3;ROUS;17;MACR;258;LASS;26;LEPE;95;ZEMM;65;MELE;239;HIDA;20;JADO;48;PECR;41;POUT;5;DUPO;9
150;PR;2022;1;31;555;0145;21;01;I;1073;212;861;860;6;8;847;12;ARTH;3;ROUS;14;MACR;205;LASS;41;LEPE;108;ZEMM;62;MELE;268;HIDA;29;JADO;57;PECR;36;POUT;9;DUPO;15
151;PR;2022;1;31;555;0146;21;01;I;1056;296;760;760;8;1;751;12;ARTH;1;ROUS;25;MACR;225;LASS;19;LEPE;109;ZEMM;41;MELE;228;HIDA;15;JADO;51;PECR;16;POUT;2;DUPO;19
155;PR;2022;1;31;555;0150;16;04;I;833;163;670;670;8;5;657;12;ARTH;0;ROUS;24;MACR;139;LASS;16;LEPE;41;ZEMM;23;MELE;295;HIDA;19;JADO;76;PECR;15;POUT;3;DUPO;6
156;PR;2022;1;31;555;0151;16;04;I;1148;243;905;905;5;4;896;12;ARTH;0;ROUS;32;MACR;182;LASS;30;LEPE;70;ZEMM;38;MELE;376;HIDA;25;JADO;90;PECR;34;POUT;9;DUPO;10
158;PR;2022;1;31;555;0153;16;04;I;1026;212;814;814;13;6;795;12;ARTH;2;ROUS;30;MACR;190;LASS;30;LEPE;55;ZEMM;36;MELE;325;HIDA;18;JADO;66;PECR;23;POUT;9;DUPO;11
161;PR;2022;1;31;555;0156;16;01;I;1099;187;912;912;11;3;898;12;ARTH;2;ROUS;17;MACR;255;LASS;27;LEPE;46;ZEMM;49;MELE;332;HIDA;28;JADO;93;PECR;34;POUT;7;DUPO;8
165;PR;2022;1;31;555;0160;16;01;I;1034;211;823;823;11;7;805;12;ARTH;5;ROUS;16;MACR;218;LASS;17;LEPE;88;ZEMM;40;MELE;291;HIDA;19;JADO;72;PECR;24;POUT;4;DUPO;11
167;PR;2022;1;31;555;0162;16;01;I;1040;236;804;804;13;1;790;12;ARTH;2;ROUS;15;MACR;201;LASS;23;LEPE;67;ZEMM;42;MELE;332;HIDA;20;JADO;47;PECR;19;POUT;7;DUPO;15
172;PR;2022;1;31;555;0167;16;01;I;1175;243;932;932;11;5;916;12;ARTH;0;ROUS;18;MACR;250;LASS;28;LEPE;83;ZEMM;68;MELE;316;HIDA;28;JADO;70;PECR;38;POUT;4;DUPO;13
179;PR;2022;1;31;555;0174;16;01;I;889;212;677;677;8;4;665;12;ARTH;3;ROUS;20;MACR;152;LASS;20;LEPE;82;ZEMM;34;MELE;259;HIDA;8;JADO;53;PECR;18;POUT;5;DUPO;11
183;PR;2022;1;31;555;0178;16;01;I;701;192;509;509;8;3;498;12;ARTH;3;ROUS;9;MACR;126;LASS;13;LEPE;70;ZEMM;40;MELE;176;HIDA;9;JADO;24;PECR;17;POUT;4;DUPO;7
184;PR;2022;1;31;555;0179;22;01;I;967;219;748;748;7;4;737;12;ARTH;0;ROUS;9;MACR;183;LASS;29;LEPE;94;ZEMM;45;MELE;255;HIDA;30;JADO;54;PECR;21;POUT;7;DUPO;10
192;PR;2022;1;31;555;0186;22;01;I;1120;274;846;846;9;4;833;12;ARTH;5;ROUS;14;MACR;181;LASS;31;LEPE;122;ZEMM;60;MELE;311;HIDA;25;JADO;43;PECR;21;POUT;6;DUPO;14
193;PR;2022;1;31;555;0187;22;01;I;584;292;292;290;0;3;289;12;ARTH;0;ROUS;3;MACR;58;LASS;13;LEPE;50;ZEMM;21;MELE;115;HIDA;8;JADO;7;PECR;6;POUT;1;DUPO;7
194;PR;2022;1;31;555;0188;22;02;I;844;198;646;646;14;4;628;12;ARTH;3;ROUS;9;MACR;146;LASS;17;LEPE;89;ZEMM;42;MELE;250;HIDA;8;JADO;32;PECR;14;POUT;3;DUPO;15
198;PR;2022;1;31;555;0191;22;02;I;1067;279;788;788;11;2;775;12;ARTH;2;ROUS;17;MACR;172;LASS;25;LEPE;96;ZEMM;37;MELE;328;HIDA;15;JADO;43;PECR;24;POUT;6;DUPO;10
202;PR;2022;1;31;555;0194;22;02;I;1228;279;949;949;17;8;924;12;ARTH;4;ROUS;18;MACR;221;LASS;25;LEPE;120;ZEMM;73;MELE;324;HIDA;22;JADO;65;PECR;23;POUT;8;DUPO;21
203;PR;2022;1;31;555;0195;22;02;I;1117;246;871;871;20;6;845;12;ARTH;6;ROUS;20;MACR;197;LASS;23;LEPE;108;ZEMM;51;MELE;308;HIDA;31;JADO;58;PECR;29;POUT;6;DUPO;8
205;PR;2022;1;31;555;0197;22;02;I;1189;290;899;899;5;7;887;12;ARTH;4;ROUS;25;MACR;237;LASS;39;LEPE;115;ZEMM;54;MELE;289;HIDA;28;JADO;53;PECR;24;POUT;10;DUPO;9
206;PR;2022;1;31;555;0198;22;02;I;1092;245;847;847;7;6;834;12;ARTH;4;ROUS;17;MACR;204;LASS;20;LEPE;103;ZEMM;52;MELE;329;HIDA;18;JADO;49;PECR;20;POUT;11;DUPO;7
216;PR;2022;1;31;555;0207;23;02;I;937;254;683;684;8;3;672;12;ARTH;2;ROUS;13;MACR;183;LASS;27;LEPE;82;ZEMM;46;MELE;215;HIDA;16;JADO;45;PECR;31;POUT;4;DUPO;8
225;PR;2022;1;31;555;0216;23;02;I;1017;204;813;813;10;2;801;12;ARTH;6;ROUS;17;MACR;200;LASS;18;LEPE;80;ZEMM;43;MELE;316;HIDA;23;JADO;65;PECR;14;POUT;12;DUPO;7
228;PR;2022;1;31;555;0219;23;04;I;201;51;150;150;3;0;147;12;ARTH;0;ROUS;4;MACR;39;LASS;6;LEPE;19;ZEMM;13;MELE;49;HIDA;4;JADO;6;PECR;7;POUT;0;DUPO;0
230;PR;2022;1;31;555;0221;23;02;I;787;251;536;536;4;3;529;12;ARTH;0;ROUS;15;MACR;142;LASS;25;LEPE;71;ZEMM;36;MELE;168;HIDA;11;JADO;37;PECR;16;POUT;0;DUPO;8
231;PR;2022;1;31;555;0222;24;04;I;398;76;322;322;1;2;319;12;ARTH;0;ROUS;2;MACR;96;LASS;7;LEPE;27;ZEMM;11;MELE;100;HIDA;14;JADO;33;PECR;21;POUT;3;DUPO;5
236;PR;2022;1;31;555;0227;24;03;I;864;170;694;694;7;2;685;12;ARTH;0;ROUS;12;MACR;173;LASS;10;LEPE;48;ZEMM;35;MELE;293;HIDA;13;JADO;56;PECR;26;POUT;8;DUPO;11
244;PR;2022;1;31;555;0235;24;03;I;956;166;790;790;9;4;777;12;ARTH;2;ROUS;7;MACR;280;LASS;17;LEPE;83;ZEMM;72;MELE;188;HIDA;18;JADO;43;PECR;62;POUT;1;DUPO;4
248;PR;2022;1;31;555;0239;25;03;I;1663;326;1337;1337;18;5;1314;12;ARTH;4;ROUS;27;MACR;345;LASS;37;LEPE;139;ZEMM;105;MELE;434;HIDA;31;JADO;113;PECR;49;POUT;13;DUPO;17
249;PR;2022;1;31;555;0240;25;03;I;1308;323;985;985;14;6;965;12;ARTH;4;ROUS;22;MACR;246;LASS;43;LEPE;157;ZEMM;65;MELE;269;HIDA;26;JADO;68;PECR;40;POUT;8;DUPO;17
253;PR;2022;1;31;555;0244;25;03;I;1035;185;850;850;17;3;830;12;ARTH;4;ROUS;21;MACR;256;LASS;28;LEPE;93;ZEMM;59;MELE;194;HIDA;26;JADO;63;PECR;61;POUT;5;DUPO;20
255;PR;2022;1;31;555;0246;25;03;I;795;130;665;665;8;2;655;12;ARTH;3;ROUS;22;MACR;248;LASS;17;LEPE;77;ZEMM;51;MELE;134;HIDA;17;JADO;42;PECR;33;POUT;1;DUPO;10
256;PR;2022;1;31;555;0247;25;03;I;1007;198;809;808;6;5;798;12;ARTH;1;ROUS;9;MACR;301;LASS;30;LEPE;77;ZEMM;52;MELE;214;HIDA;9;JADO;57;PECR;35;POUT;6;DUPO;7
257;PR;2022;1;31;555;0248;25;03;I;954;220;734;735;13;3;718;12;ARTH;1;ROUS;20;MACR;216;LASS;20;LEPE;101;ZEMM;41;MELE;207;HIDA;9;JADO;48;PECR;33;POUT;5;DUPO;17
259;PR;2022;1;31;555;0250;25;03;I;886;172;714;714;11;3;700;12;ARTH;2;ROUS;13;MACR;185;LASS;20;LEPE;67;ZEMM;71;MELE;199;HIDA;25;JADO;52;PECR;51;POUT;5;DUPO;10
261;PR;2022;1;31;555;0252;25;03;I;955;192;763;763;6;2;755;12;ARTH;0;ROUS;10;MACR;196;LASS;26;LEPE;180;ZEMM;98;MELE;137;HIDA;15;JADO;42;PECR;44;POUT;4;DUPO;3
263;PR;2022;1;31;555;0254;25;03;I;1113;227;886;886;18;3;865;12;ARTH;1;ROUS;22;MACR;235;LASS;32;LEPE;78;ZEMM;49;MELE;297;HIDA;29;JADO;69;PECR;31;POUT;11;DUPO;11
265;PR;2022;1;31;555;0256;25;09;I;1093;256;837;837;8;2;827;12;ARTH;5;ROUS;15;MACR;262;LASS;13;LEPE;42;ZEMM;52;MELE;297;HIDA;24;JADO;72;PECR;29;POUT;10;DUPO;6
8;PR;2022;1;31;555;0007;17;01;I;837;159;678;678;9;3;666;12;ARTH;0;ROUS;6;MACR;241;LASS;14;LEPE;49;ZEMM;73;MELE;183;HIDA;13;JADO;43;PECR;36;POUT;6;DUPO;2
10;PR;2022;1;31;555;0009;17;01;I;1012;210;802;801;5;2;795;12;ARTH;0;ROUS;14;MACR;189;LASS;17;LEPE;43;ZEMM;40;MELE;379;HIDA;16;JADO;61;PECR;25;POUT;8;DUPO;3
12;PR;2022;1;31;555;0011;17;01;I;1016;175;841;841;7;3;831;12;ARTH;2;ROUS;15;MACR;280;LASS;15;LEPE;32;ZEMM;62;MELE;249;HIDA;31;JADO;78;PECR;52;POUT;6;DUPO;9
18;PR;2022;1;31;555;0017;17;01;I;1223;210;1013;1013;9;0;1004;12;ARTH;2;ROUS;17;MACR;309;LASS;18;LEPE;56;ZEMM;66;MELE;356;HIDA;21;JADO;94;PECR;57;POUT;3;DUPO;5
19;PR;2022;1;31;555;0018;17;01;I;723;135;588;588;6;2;580;12;ARTH;1;ROUS;1;MACR;171;LASS;18;LEPE;46;ZEMM;39;MELE;218;HIDA;12;JADO;35;PECR;33;POUT;1;DUPO;5
34;PR;2022;1;31;555;0033;18;04;I;904;183;721;721;16;4;701;12;ARTH;2;ROUS;10;MACR;246;LASS;17;LEPE;67;ZEMM;81;MELE;146;HIDA;19;JADO;47;PECR;58;POUT;4;DUPO;4
37;PR;2022;1;31;555;0036;18;04;I;920;151;769;769;8;7;754;12;ARTH;1;ROUS;13;MACR;250;LASS;22;LEPE;44;ZEMM;57;MELE;244;HIDA;20;JADO;60;PECR;32;POUT;4;DUPO;7
44;PR;2022;1;31;555;0043;18;04;I;930;181;749;749;7;4;738;12;ARTH;1;ROUS;4;MACR;245;LASS;16;LEPE;43;ZEMM;60;MELE;233;HIDA;26;JADO;55;PECR;42;POUT;3;DUPO;10
48;PR;2022;1;31;555;0047;18;04;I;996;188;808;808;7;5;796;12;ARTH;1;ROUS;14;MACR;250;LASS;31;LEPE;47;ZEMM;62;MELE;253;HIDA;12;JADO;67;PECR;47;POUT;3;DUPO;9
61;PR;2022;1;31;555;0060;18;03;I;1056;191;865;865;10;6;849;12;ARTH;0;ROUS;9;MACR;300;LASS;21;LEPE;53;ZEMM;67;MELE;249;HIDA;14;JADO;81;PECR;47;POUT;3;DUPO;5
69;PR;2022;1;31;555;0068;19;09;I;875;180;695;695;7;2;686;12;ARTH;2;ROUS;21;MACR;143;LASS;10;LEPE;70;ZEMM;28;MELE;282;HIDA;24;JADO;73;PECR;21;POUT;7;DUPO;5
72;PR;2022;1;31;555;0070;19;09;I;784;295;489;488;5;7;477;12;ARTH;3;ROUS;5;MACR;67;LASS;7;LEPE;63;ZEMM;18;MELE;278;HIDA;5;JADO;5;PECR;11;POUT;5;DUPO;10
73;PR;2022;1;31;555;0071;19;03;I;77;43;34;34;0;0;34;12;ARTH;0;ROUS;2;MACR;3;LASS;1;LEPE;2;ZEMM;0;MELE;20;HIDA;2;JADO;4;PECR;0;POUT;0;DUPO;0
80;PR;2022;1;31;555;0078;19;09;I;1080;212;868;868;18;10;840;12;ARTH;3;ROUS;17;MACR;196;LASS;18;LEPE;67;ZEMM;51;MELE;352;HIDA;29;JADO;63;PECR;34;POUT;2;DUPO;8
82;PR;2022;1;31;555;0080;19;09;I;1107;283;824;824;10;1;813;12;ARTH;1;ROUS;15;MACR;179;LASS;25;LEPE;66;ZEMM;47;MELE;342;HIDA;24;JADO;68;PECR;31;POUT;4;DUPO;11
84;PR;2022;1;31;555;081A;19;09;I;1070;253;817;817;6;2;809;12;ARTH;3;ROUS;17;MACR;192;LASS;15;LEPE;75;ZEMM;51;MELE;281;HIDA;32;JADO;97;PECR;26;POUT;8;DUPO;12
87;PR;2022;1;31;555;083A;19;09;I;972;218;754;752;6;1;747;12;ARTH;2;ROUS;14;MACR;213;LASS;21;LEPE;71;ZEMM;60;MELE;229;HIDA;24;JADO;63;PECR;35;POUT;5;DUPO;10
112;PR;2022;1;31;555;0108;20;04;I;1240;213;1027;1027;16;10;1001;12;ARTH;2;ROUS;19;MACR;276;LASS;31;LEPE;135;ZEMM;68;MELE;322;HIDA;29;JADO;66;PECR;28;POUT;7;DUPO;18
114;PR;2022;1;31;555;0110;20;04;I;1258;271;987;987;15;4;968;12;ARTH;3;ROUS;13;MACR;217;LASS;36;LEPE;140;ZEMM;60;MELE;387;HIDA;21;JADO;48;PECR;20;POUT;5;DUPO;18
117;PR;2022;1;31;555;112A;20;04;I;1027;231;796;796;11;5;780;12;ARTH;2;ROUS;15;MACR;231;LASS;33;LEPE;105;ZEMM;54;MELE;208;HIDA;21;JADO;62;PECR;23;POUT;11;DUPO;15
119;PR;2022;1;31;555;0114;15;04;I;903;165;738;738;6;1;731;12;ARTH;1;ROUS;16;MACR;165;LASS;21;LEPE;65;ZEMM;35;MELE;302;HIDA;18;JADO;65;PECR;21;POUT;9;DUPO;13
136;PR;2022;1;31;555;0131;15;09;I;808;286;522;522;5;2;515;12;ARTH;2;ROUS;1;MACR;57;LASS;11;LEPE;32;ZEMM;8;MELE;384;HIDA;2;JADO;6;PECR;3;POUT;8;DUPO;1
145;PR;2022;1;31;555;0140;15;04;I;1045;197;848;848;12;8;828;12;ARTH;2;ROUS;12;MACR;261;LASS;19;LEPE;116;ZEMM;59;MELE;234;HIDA;15;JADO;60;PECR;29;POUT;2;DUPO;19
152;PR;2022;1;31;555;0147;21;04;I;1146;212;934;934;12;0;922;12;ARTH;0;ROUS;8;MACR;391;LASS;32;LEPE;109;ZEMM;101;MELE;132;HIDA;15;JADO;68;PECR;54;POUT;4;DUPO;8
153;PR;2022;1;31;555;0148;21;04;I;1076;246;830;830;8;8;814;12;ARTH;4;ROUS;10;MACR;216;LASS;32;LEPE;125;ZEMM;61;MELE;249;HIDA;25;JADO;46;PECR;19;POUT;2;DUPO;25
154;PR;2022;1;31;555;0149;16;04;I;1059;173;886;885;9;7;870;12;ARTH;4;ROUS;17;MACR;215;LASS;21;LEPE;71;ZEMM;37;MELE;338;HIDA;34;JADO;89;PECR;23;POUT;7;DUPO;14
159;PR;2022;1;31;555;0154;16;01;I;1223;211;1012;1012;12;3;997;12;ARTH;4;ROUS;31;MACR;293;LASS;27;LEPE;72;ZEMM;77;MELE;324;HIDA;21;JADO;86;PECR;37;POUT;6;DUPO;19
163;PR;2022;1;31;555;0158;16;01;I;1064;253;811;811;15;3;793;12;ARTH;2;ROUS;16;MACR;230;LASS;20;LEPE;63;ZEMM;52;MELE;267;HIDA;19;JADO;78;PECR;27;POUT;4;DUPO;15
171;PR;2022;1;31;555;0166;16;01;I;1282;297;985;984;14;8;963;12;ARTH;3;ROUS;21;MACR;255;LASS;50;LEPE;95;ZEMM;42;MELE;324;HIDA;30;JADO;92;PECR;26;POUT;7;DUPO;18
174;PR;2022;1;31;555;0169;16;01;I;907;158;749;749;3;5;741;12;ARTH;0;ROUS;17;MACR;251;LASS;12;LEPE;36;ZEMM;52;MELE;243;HIDA;20;JADO;64;PECR;40;POUT;2;DUPO;4
175;PR;2022;1;31;555;0170;16;01;I;916;177;739;739;11;2;726;12;ARTH;3;ROUS;10;MACR;215;LASS;20;LEPE;36;ZEMM;48;MELE;273;HIDA;21;JADO;60;PECR;25;POUT;4;DUPO;11
177;PR;2022;1;31;555;0172;16;01;I;1211;233;978;978;14;4;960;12;ARTH;4;ROUS;22;MACR;318;LASS;23;LEPE;100;ZEMM;48;MELE;280;HIDA;19;JADO;76;PECR;50;POUT;5;DUPO;15
180;PR;2022;1;31;555;0175;16;01;I;902;220;682;683;17;2;663;12;ARTH;1;ROUS;13;MACR;163;LASS;27;LEPE;94;ZEMM;41;MELE;217;HIDA;18;JADO;62;PECR;13;POUT;6;DUPO;8
189;PR;2022;1;31;555;0183;22;01;I;1392;394;998;998;19;2;977;12;ARTH;2;ROUS;22;MACR;186;LASS;31;LEPE;171;ZEMM;66;MELE;401;HIDA;20;JADO;41;PECR;25;POUT;1;DUPO;11
200;PR;2022;1;31;555;192A;22;02;I;1106;478;628;628;7;4;617;12;ARTH;4;ROUS;18;MACR;100;LASS;14;LEPE;65;ZEMM;43;MELE;299;HIDA;12;JADO;34;PECR;6;POUT;8;DUPO;14
204;PR;2022;1;31;555;0196;22;02;I;1225;285;940;940;12;9;919;12;ARTH;5;ROUS;28;MACR;220;LASS;37;LEPE;107;ZEMM;42;MELE;349;HIDA;21;JADO;63;PECR;24;POUT;7;DUPO;16
209;PR;2022;1;31;555;0200;22;02;I;1158;340;818;818;7;1;810;12;ARTH;2;ROUS;14;MACR;160;LASS;32;LEPE;111;ZEMM;45;MELE;355;HIDA;14;JADO;37;PECR;19;POUT;6;DUPO;15
210;PR;2022;1;31;555;0201;22;02;I;1043;219;824;823;18;6;800;12;ARTH;3;ROUS;24;MACR;219;LASS;16;LEPE;88;ZEMM;60;MELE;274;HIDA;19;JADO;46;PECR;27;POUT;9;DUPO;15
213;PR;2022;1;31;555;0204;23;02;I;625;155;470;470;5;3;462;12;ARTH;1;ROUS;15;MACR;102;LASS;13;LEPE;32;ZEMM;26;MELE;197;HIDA;8;JADO;38;PECR;16;POUT;8;DUPO;6
215;PR;2022;1;31;555;0206;23;02;I;994;224;770;770;7;1;762;12;ARTH;0;ROUS;13;MACR;205;LASS;19;LEPE;89;ZEMM;54;MELE;274;HIDA;21;JADO;50;PECR;26;POUT;6;DUPO;5
220;PR;2022;1;31;555;0211;23;02;I;1078;259;819;819;4;4;811;12;ARTH;3;ROUS;13;MACR;201;LASS;16;LEPE;103;ZEMM;55;MELE;306;HIDA;25;JADO;46;PECR;25;POUT;8;DUPO;10
226;PR;2022;1;31;555;0217;23;02;I;868;204;664;664;5;3;656;12;ARTH;4;ROUS;21;MACR;157;LASS;30;LEPE;78;ZEMM;40;MELE;240;HIDA;14;JADO;37;PECR;20;POUT;4;DUPO;11
229;PR;2022;1;31;555;0220;23;02;I;1108;256;852;852;17;8;827;12;ARTH;6;ROUS;16;MACR;201;LASS;31;LEPE;91;ZEMM;53;MELE;328;HIDA;7;JADO;54;PECR;29;POUT;4;DUPO;7
233;PR;2022;1;31;555;0224;24;03;I;1139;174;965;965;15;5;945;12;ARTH;2;ROUS;11;MACR;349;LASS;21;LEPE;87;ZEMM;115;MELE;144;HIDA;17;JADO;74;PECR;114;POUT;4;DUPO;7
238;PR;2022;1;31;555;0229;24;03;I;965;170;795;795;9;1;785;12;ARTH;1;ROUS;11;MACR;295;LASS;23;LEPE;63;ZEMM;111;MELE;132;HIDA;11;JADO;39;PECR;82;POUT;3;DUPO;14
239;PR;2022;1;31;555;0230;24;03;I;971;176;795;795;8;3;784;12;ARTH;1;ROUS;20;MACR;294;LASS;27;LEPE;75;ZEMM;80;MELE;156;HIDA;19;JADO;57;PECR;43;POUT;5;DUPO;7
240;PR;2022;1;31;555;0231;24;03;I;895;143;752;752;11;3;738;12;ARTH;0;ROUS;15;MACR;271;LASS;25;LEPE;83;ZEMM;98;MELE;103;HIDA;9;JADO;50;PECR;76;POUT;1;DUPO;7
241;PR;2022;1;31;555;0232;24;03;I;903;187;716;716;11;2;703;12;ARTH;2;ROUS;12;MACR;260;LASS;16;LEPE;63;ZEMM;69;MELE;118;HIDA;15;JADO;56;PECR;73;POUT;3;DUPO;16
245;PR;2022;1;31;555;0236;24;03;I;1154;268;886;886;18;3;865;12;ARTH;5;ROUS;20;MACR;210;LASS;33;LEPE;125;ZEMM;53;MELE;272;HIDA;33;JADO;76;PECR;22;POUT;8;DUPO;8
252;PR;2022;1;31;555;0243;25;03;I;1366;337;1029;1029;15;2;1012;12;ARTH;6;ROUS;13;MACR;254;LASS;32;LEPE;119;ZEMM;63;MELE;383;HIDA;13;JADO;73;PECR;35;POUT;3;DUPO;18
258;PR;2022;1;31;555;0249;25;03;I;952;207;745;745;5;3;737;12;ARTH;2;ROUS;14;MACR;205;LASS;23;LEPE;101;ZEMM;51;MELE;231;HIDA;16;JADO;56;PECR;24;POUT;4;DUPO;10
1;PR;2022;1;31;555;0001;17;04;I;962;227;735;735;12;2;721;12;ARTH;1;ROUS;8;MACR;255;LASS;21;LEPE;45;ZEMM;62;MELE;229;HIDA;11;JADO;51;PECR;36;POUT;1;DUPO;1
2;PR;2022;1;31;555;001A;24;02;I;23;21;2;2;0;0;2;12;ARTH;0;ROUS;0;MACR;2;LASS;0;LEPE;0;ZEMM;0;MELE;0;HIDA;0;JADO;0;PECR;0;POUT;0;DUPO;0
11;PR;2022;1;31;555;0010;17;01;I;1157;215;942;942;16;7;919;12;ARTH;2;ROUS;20;MACR;264;LASS;18;LEPE;52;ZEMM;63;MELE;331;HIDA;27;JADO;79;PECR;47;POUT;5;DUPO;11
22;PR;2022;1;31;555;0021;17;02;I;1062;231;831;831;12;1;818;12;ARTH;4;ROUS;21;MACR;215;LASS;22;LEPE;65;ZEMM;40;MELE;336;HIDA;17;JADO;68;PECR;20;POUT;5;DUPO;5
24;PR;2022;1;31;555;0023;17;02;I;993;224;769;769;12;4;753;12;ARTH;1;ROUS;16;MACR;212;LASS;14;LEPE;63;ZEMM;58;MELE;262;HIDA;19;JADO;66;PECR;30;POUT;7;DUPO;5
39;PR;2022;1;31;555;0038;18;04;I;959;177;782;783;11;5;766;12;ARTH;2;ROUS;26;MACR;192;LASS;16;LEPE;57;ZEMM;55;MELE;286;HIDA;26;JADO;72;PECR;23;POUT;5;DUPO;6
41;PR;2022;1;31;555;0040;18;04;I;943;153;790;790;3;3;784;12;ARTH;1;ROUS;10;MACR;260;LASS;21;LEPE;49;ZEMM;65;MELE;224;HIDA;22;JADO;73;PECR;53;POUT;3;DUPO;3
45;PR;2022;1;31;555;0044;18;04;I;1143;210;933;933;10;8;915;12;ARTH;2;ROUS;26;MACR;242;LASS;25;LEPE;59;ZEMM;45;MELE;332;HIDA;28;JADO;110;PECR;30;POUT;2;DUPO;14
49;PR;2022;1;31;555;0048;18;03;I;1037;181;856;856;12;3;841;12;ARTH;2;ROUS;11;MACR;270;LASS;20;LEPE;57;ZEMM;29;MELE;290;HIDA;15;JADO;84;PECR;45;POUT;11;DUPO;7
52;PR;2022;1;31;555;0051;18;03;I;995;188;807;807;11;3;793;12;ARTH;0;ROUS;11;MACR;291;LASS;25;LEPE;65;ZEMM;83;MELE;157;HIDA;19;JADO;53;PECR;78;POUT;1;DUPO;10
55;PR;2022;1;31;555;0054;18;03;I;1152;223;929;929;5;2;922;12;ARTH;1;ROUS;23;MACR;251;LASS;30;LEPE;62;ZEMM;35;MELE;359;HIDA;25;JADO;87;PECR;30;POUT;9;DUPO;10
59;PR;2022;1;31;555;0058;18;03;I;1204;214;990;987;10;4;976;12;ARTH;6;ROUS;8;MACR;360;LASS;22;LEPE;52;ZEMM;80;MELE;256;HIDA;26;JADO;87;PECR;62;POUT;5;DUPO;12
62;PR;2022;1;31;555;0061;18;03;I;921;162;759;758;11;2;746;12;ARTH;0;ROUS;10;MACR;278;LASS;11;LEPE;42;ZEMM;93;MELE;180;HIDA;9;JADO;67;PECR;44;POUT;5;DUPO;7
75;PR;2022;1;31;555;0073;19;09;I;675;288;387;387;4;2;381;12;ARTH;2;ROUS;1;MACR;80;LASS;7;LEPE;51;ZEMM;16;MELE;209;HIDA;5;JADO;2;PECR;3;POUT;3;DUPO;2
89;PR;2022;1;31;555;0085;20;09;I;939;195;744;744;7;3;734;12;ARTH;6;ROUS;16;MACR;178;LASS;19;LEPE;51;ZEMM;52;MELE;295;HIDA;17;JADO;61;PECR;20;POUT;10;DUPO;9
90;PR;2022;1;31;555;0086;20;09;I;799;274;525;525;3;8;514;12;ARTH;3;ROUS;12;MACR;102;LASS;11;LEPE;66;ZEMM;28;MELE;240;HIDA;14;JADO;15;PECR;8;POUT;6;DUPO;9
96;PR;2022;1;31;555;0092;20;09;I;1170;308;862;862;14;3;845;12;ARTH;4;ROUS;20;MACR;197;LASS;34;LEPE;106;ZEMM;43;MELE;361;HIDA;13;JADO;34;PECR;19;POUT;1;DUPO;13
107;PR;2022;1;31;555;0103;20;04;I;799;322;477;477;4;2;471;12;ARTH;3;ROUS;8;MACR;71;LASS;8;LEPE;43;ZEMM;15;MELE;294;HIDA;2;JADO;12;PECR;8;POUT;4;DUPO;3
115;PR;2022;1;31;555;0111;20;04;I;779;157;622;622;7;3;612;12;ARTH;2;ROUS;9;MACR;154;LASS;25;LEPE;81;ZEMM;54;MELE;182;HIDA;25;JADO;50;PECR;20;POUT;0;DUPO;10
118;PR;2022;1;31;555;0113;15;04;I;842;169;673;673;3;3;667;12;ARTH;4;ROUS;13;MACR;162;LASS;23;LEPE;50;ZEMM;36;MELE;264;HIDA;16;JADO;68;PECR;20;POUT;6;DUPO;5
122;PR;2022;1;31;555;0117;15;04;I;1421;324;1097;1098;22;4;1071;12;ARTH;1;ROUS;24;MACR;234;LASS;24;LEPE;98;ZEMM;50;MELE;479;HIDA;29;JADO;93;PECR;17;POUT;9;DUPO;13
124;PR;2022;1;31;555;0119;15;04;I;985;238;747;746;6;4;737;12;ARTH;3;ROUS;15;MACR;187;LASS;10;LEPE;54;ZEMM;41;MELE;291;HIDA;35;JADO;64;PECR;24;POUT;2;DUPO;11
126;PR;2022;1;31;555;0121;15;04;I;1119;179;940;940;9;3;928;12;ARTH;5;ROUS;25;MACR;219;LASS;12;LEPE;57;ZEMM;39;MELE;393;HIDA;32;JADO;95;PECR;29;POUT;10;DUPO;12
127;PR;2022;1;31;555;0122;15;04;I;1149;222;927;927;14;3;910;12;ARTH;4;ROUS;16;MACR;233;LASS;28;LEPE;63;ZEMM;48;MELE;364;HIDA;38;JADO;76;PECR;27;POUT;6;DUPO;7
130;PR;2022;1;31;555;0125;15;04;I;932;187;745;744;4;4;737;12;ARTH;3;ROUS;17;MACR;183;LASS;22;LEPE;66;ZEMM;45;MELE;278;HIDA;26;JADO;50;PECR;34;POUT;4;DUPO;9
131;PR;2022;1;31;555;0126;15;04;I;1067;187;880;880;12;14;854;12;ARTH;2;ROUS;24;MACR;187;LASS;26;LEPE;63;ZEMM;28;MELE;395;HIDA;25;JADO;70;PECR;20;POUT;7;DUPO;7
137;PR;2022;1;31;555;0132;15;09;I;978;368;610;610;11;4;595;12;ARTH;2;ROUS;8;MACR;115;LASS;5;LEPE;57;ZEMM;33;MELE;328;HIDA;11;JADO;17;PECR;8;POUT;5;DUPO;6
139;PR;2022;1;31;555;0134;15;04;I;1118;280;838;838;5;5;828;12;ARTH;3;ROUS;25;MACR;199;LASS;10;LEPE;100;ZEMM;42;MELE;333;HIDA;22;JADO;52;PECR;23;POUT;3;DUPO;16
140;PR;2022;1;31;555;0135;15;04;I;976;309;667;667;11;3;653;12;ARTH;3;ROUS;13;MACR;121;LASS;20;LEPE;99;ZEMM;33;MELE;278;HIDA;27;JADO;23;PECR;19;POUT;6;DUPO;11
142;PR;2022;1;31;555;0137;15;04;I;389;141;248;248;2;5;241;12;ARTH;0;ROUS;3;MACR;43;LASS;10;LEPE;49;ZEMM;11;MELE;102;HIDA;2;JADO;6;PECR;7;POUT;2;DUPO;6
164;PR;2022;1;31;555;0159;16;01;I;1115;207;908;908;8;3;897;12;ARTH;2;ROUS;13;MACR;272;LASS;21;LEPE;65;ZEMM;45;MELE;326;HIDA;29;JADO;83;PECR;31;POUT;4;DUPO;6
168;PR;2022;1;31;555;0163;16;01;I;695;223;472;472;8;7;457;12;ARTH;2;ROUS;10;MACR;84;LASS;7;LEPE;57;ZEMM;20;MELE;220;HIDA;13;JADO;21;PECR;11;POUT;3;DUPO;9
173;PR;2022;1;31;555;0168;16;01;I;891;183;708;709;6;3;699;12;ARTH;1;ROUS;12;MACR;201;LASS;17;LEPE;46;ZEMM;41;MELE;258;HIDA;17;JADO;65;PECR;30;POUT;5;DUPO;6
195;PR;2022;1;31;555;188A;22;02;I;1104;309;795;795;12;3;780;12;ARTH;2;ROUS;12;MACR;165;LASS;14;LEPE;125;ZEMM;40;MELE;329;HIDA;17;JADO;39;PECR;14;POUT;4;DUPO;19
196;PR;2022;1;31;555;0189;22;02;I;1450;355;1095;1095;9;1;1085;12;ARTH;5;ROUS;23;MACR;224;LASS;29;LEPE;119;ZEMM;45;MELE;507;HIDA;18;JADO;75;PECR;21;POUT;12;DUPO;7
199;PR;2022;1;31;555;0192;22;02;I;1149;396;753;751;11;6;736;12;ARTH;2;ROUS;18;MACR;132;LASS;20;LEPE;114;ZEMM;37;MELE;326;HIDA;28;JADO;25;PECR;19;POUT;2;DUPO;13
212;PR;2022;1;31;555;0203;23;02;I;1142;241;901;901;7;3;891;12;ARTH;4;ROUS;21;MACR;229;LASS;11;LEPE;63;ZEMM;65;MELE;375;HIDA;31;JADO;54;PECR;26;POUT;8;DUPO;4
218;PR;2022;1;31;555;0209;23;02;I;1062;214;848;848;10;4;834;12;ARTH;1;ROUS;31;MACR;196;LASS;24;LEPE;138;ZEMM;81;MELE;253;HIDA;15;JADO;42;PECR;34;POUT;6;DUPO;13
219;PR;2022;1;31;555;0210;23;02;I;1069;214;855;855;14;2;839;12;ARTH;3;ROUS;22;MACR;255;LASS;25;LEPE;88;ZEMM;74;MELE;243;HIDA;12;JADO;57;PECR;33;POUT;7;DUPO;20
232;PR;2022;1;31;555;0223;24;04;I;189;46;143;143;3;0;140;12;ARTH;1;ROUS;4;MACR;52;LASS;1;LEPE;9;ZEMM;6;MELE;37;HIDA;6;JADO;12;PECR;7;POUT;1;DUPO;4
235;PR;2022;1;31;555;0226;24;03;I;1191;228;963;963;11;1;951;12;ARTH;2;ROUS;15;MACR;322;LASS;30;LEPE;60;ZEMM;72;MELE;279;HIDA;26;JADO;82;PECR;52;POUT;3;DUPO;8
237;PR;2022;1;31;555;0228;24;03;I;892;169;723;724;8;1;714;12;ARTH;0;ROUS;11;MACR;255;LASS;8;LEPE;59;ZEMM;54;MELE;210;HIDA;13;JADO;50;PECR;38;POUT;5;DUPO;11
243;PR;2022;1;31;555;0234;24;03;I;912;176;736;736;9;2;725;12;ARTH;5;ROUS;9;MACR;208;LASS;17;LEPE;67;ZEMM;59;MELE;231;HIDA;20;JADO;56;PECR;42;POUT;4;DUPO;7
247;PR;2022;1;31;555;0238;24;03;I;1182;241;941;941;17;6;918;12;ARTH;4;ROUS;35;MACR;225;LASS;15;LEPE;130;ZEMM;54;MELE;321;HIDA;23;JADO;57;PECR;34;POUT;5;DUPO;15
251;PR;2022;1;31;555;0242;25;03;I;1526;367;1159;1159;16;5;1138;12;ARTH;2;ROUS;14;MACR;342;LASS;36;LEPE;127;ZEMM;88;MELE;347;HIDA;26;JADO;69;PECR;61;POUT;3;DUPO;23
254;PR;2022;1;31;555;0245;25;03;I;995;204;791;791;7;2;782;12;ARTH;1;ROUS;19;MACR;266;LASS;31;LEPE;78;ZEMM;87;MELE;170;HIDA;23;JADO;50;PECR;46;POUT;6;DUPO;5
